"score","tier","company","modality","stage","outreach_difficulty","hq_city","hq_country","founded_year","total_raised_usd","last_round_type","last_round_amount_usd","last_round_date","bench_headcount","in_house_dna_synth","in_house_protein_prod","service_fit_summary","max_estimated_annual_orders","hiring_wet_lab","contact_count","contacts","confidence","recommended_pitch","rationale","brief_path"
"5","tier1_hot","Archon Biosciences","antibody","seed_to_series_A","easy","Seattle","United States","2023","20000000","Seed","20000000","2024-10","8","no","partial","DNA=high Ecoli=high CF=medium E2E=high","1000-10000","True","2","James Lazarovits, Ph.D. (CEO and Co-founder); George Ueda, Ph.D. (CTO and Co-founder)","high","Archon's modular AbC design platform will require rapid, cost-effective iteration of designed scaffold proteins. Our clonal DNA assembly ($50/construct, 48-72 hr turnaround) + E. coli KRX expression + Gator BLI quantification service is purpose-built for AI-biology teams generating 50-200 designed binders per month. We offer 50% cost savings vs. Twist/IDT on DNA, zero procurement friction as a new vendor, and integrated DNA→protein→biophysics workflow that frees your internal expression capacity. At your growth rate, outsourcing will cost <$50k/year for 5000+ constructs while you focus on lead program selection and IND-enabling studies. Let's discuss a pilot: 200 scaffold variants over 8 weeks, competitive pricing, dedicated project scientist.","Archon is an exceptional fit on three of four service lines: (1) Clonal DNA under 2 kb—high volume, iterative design of scaffold variants; (2) E. coli KRX expression—core modality, rapid turnaround required; (3) End-to-end binder workflow—directly matches their bottleneck (design-build-test cycle). Only cell-free expression is secondary. Company stage (seed, 17 FTE, 2-year runway) is ideal for new vendor engagement. Leadership is accessible and performance-driven. Technology is cutting-edge (Nob","targets/briefs/archon_biosciences.md"
"5","tier1_hot","Evolvere BioSciences","enzyme","seed_to_series_A","easy","Oxford","United Kingdom","2021","500000","Seed","500000","2024","3","no","no","DNA=high Ecoli=high CF=medium E2E=high","1000-10000","False","3","Adam Winnifrith (CEO & Co-Founder); Piotr Jedryszek (CTO & Co-Founder); Weronika Slesak (CSO & Co-Founder)","high","","Evolvere is a tier-1 hot prospect for multiple reasons: (1) Primary modality (engineered protein/enzyme) requires high-throughput DNA synthesis and bacterial expression—we offer exactly this stack at superior cost and turnaround; (2) Design-validate-iterate cycle predicts 1000+ annual orders of short constructs (<2 kb), matching our strength; (3) No in-house synthesis or expression capability—they need us; (4) Early stage (seed/Series A), founder-driven, no entrenched vendor relationships; (5) L","targets/briefs/evolvere_biosciences.md"
"5","tier1_hot","Fable Therapeutics","miniprotein_or_nanobody","seed_to_series_A","easy","Cambridge","USA","2021","53500000","Series A","43500000","2024-10","24","unknown","unknown","DNA=high Ecoli=high CF=medium E2E=high","1000-10000","True","3","Vanita D. Sood (SVP, Head of Drug Discovery Research); Philip Kim (Chief Technology Officer and Co-founder); David J. Baker, PhD (Chief Scientific Officer)","high","Fable is building the next generation of GLP-1 alternatives and obesity therapeutics through ML-guided protein design—generating thousands of novel antibody and nanobody constructs annually. Our clonal DNA assembly ($50/reaction, half incumbent cost) paired with E. coli KRX expression + purification is purpose-built for your discovery-phase iteration model: get validated protein in 48 hours from design to BLI-ready. With a dedicated protein team in Boston and ML scientists in Toronto scaling variant screening, outsourced expression and DNA synthesis lets you focus on computational innovation and candidate selection. We've supported biotech teams like yours at pre-seed through Series B; Fable's capital runway into 2026 signals you're actively hiring and accelerating programs—perfect time to lock in favorable vendor terms for the next 18–24 months of high-volume orders.","Exceptional fit across nearly all service lines. (1) Primary modality is miniproteins + nanobodies + antibody fragments—all naturally bacterially expressible and require high-volume short DNA synthesis for variant screening. (2) Discovery-stage iteration model implies 1000–10k+ short constructs/year. (3) ~24 dedicated protein researchers + ML team at seed/Series A stage with no disclosed in-house synthesis/expression capability and typical early-stage outsourcing preference. (4) Perfect stage fo","targets/briefs/fable_therapeutics.md"
"5","tier1_hot","Latent Labs","miniprotein_or_nanobody","series_A_to_B","easy","London","United Kingdom","2023","50000000","Series A","40000000","2025-02","12","no","partial","DNA=high Ecoli=high CF=medium E2E=high","1000-10000","True","2","Rebecca Bartke-Croughan (Wet Lab Lead); Simon Kohl (Founder & CEO)","high","Latent Labs is generating hundreds of novel protein sequences per target cycle across macrocycles, mini-binders, and antibodies. Each design requires rapid DNA synthesis, E. coli expression, and binding validation—a workflow we've optimized for protein design teams. We can compress your design-to-validation cycle by outsourcing clonal DNA assembly and KRX expression, freeing your San Francisco bench to focus on biophysical characterization and AI feedback loops. At your current pace (7-18 targets per study), you're likely ordering 1000-5000 short constructs per year. Our pricing ($50/assembly, half incumbent cost) and expression service (direct purification post-culture) are designed for exactly this use case. Let's discuss a pilot: 500 constructs from your next Latent-Y campaign, measured via BLI on our platform, to show you the throughput gain and cost savings.","Latent Labs is an exceptional fit across all service lines. Primary modality (miniprotein/nanobody + antibodies) requires bacterial expression and rapid DNA synthesis—core DNA synthesis house strength. High-volume, short-construct demand (1000-10000 per year estimated). In-house expression is likely becoming bottleneck given 23-person team and growing platform adoption. End-to-end binder workflow is direct match for their validation pipeline. Company is Series A, lean, no vendor lock-in, leaders","targets/briefs/latent_labs.md"
"5","tier1_hot","Onava AI","miniprotein_or_nanobody","stealth_or_pre_seed","easy","Brooklyn","USA","2024","","Pre-seed","","2026-03","8","unknown","partial","DNA=high Ecoli=high CF=medium E2E=high","1000-10000","True","2","Ido Calman (Co-Founder & CEO); Sharrol Bachas (Co-Founder & Chief Scientific Officer)","medium","Onava's breakthrough is tight iteration between AI design and wet-lab feedback. We can accelerate your cycle times by 40-60% and reduce per-construct costs by ~50% vs. incumbent DNA synthesis vendors. Our end-to-end binder workflow (DNA → E. coli expression + purification → BLI quantification) lets you focus on model training and design innovation, not lab logistics. Typical customer: design team generating 500-5000 miniprotein/nanobody variants per year. We process 100+ constructs per week, TAT 3-5 business days, $45/assembly + $120/expression-and-purification. ROI: if you're iterating 20+ design cycles/year with 50+ variants per cycle, you'll pay ~$450K annually with us vs. $900K+ with Twist+external expression. Let's discuss a pilot on your next 10-variant cohort.","Perfect-fit customer: (1) Primary modality is miniprotein/nanobody → high fit for clonal DNA (<2kb) + E. coli expression. (2) Lab-in-the-loop platform means they are *building* a lab but likely not yet at 'unprecedented scale'—outsourced expression and BLI services directly address their constraints. (3) Pre-seed stage → low procurement friction, open to new vendors, eager to optimize costs. (4) Founder backgrounds (Absci, EvolutionaryScale) signal deep domain expertise and likely spending power","targets/briefs/onava_ai.md"
"4","tier2_warm","1910 (formerly 1910 Genetics)","small_molecule","seed_to_series_A","moderate","Boston","United States","2018","29800000","Series A","","2024-10","18","no","yes","DNA=high Ecoli=high CF=high E2E=high","10000+","True","4","Jen Asher, PhD (Founder & CEO); Liping (surname not disclosed) (Head of R&D Operations); Gauri Nair, PhD (Senior Director of Business Development & Alliance Management)","high","Pitch should emphasize: (1) **DNA synthesis cost arbitrage**: 1910 designs hundreds of candidates/month; your $50/assembly (vs. $100+) saves 50% on their biggest input cost. With 10K+ constructs/yr, this is $500K+ annual savings. (2) **Turnround speed & integration**: You can clone immediately post-synthesis and feed into their KRX expression platform same-day. Reduces iteration cycle from weeks to days. (3) **Volume commitment alignment**: 1910's business model thrives on iteration velocity—you are not a vendor, you are a throughput accelerator. Offer tiered pricing for volume (e.g., 1K+/yr tiers) and fast turnaround SLA (24–48 hr synthesis + assembly). (4) **Early-stage partnership advantage**: Position as preferred vendor for their internal pipeline + partner programs. Bundle clonal DNA + optional E. coli KRX expression + BLI if they lack in-house throughput. (5) **Avoid the 'software tool' framing**—1910 is hardware + software + wet lab. You are infrastructure, not an app. Emphasize reliability, cost, and speed over UI/UX.","1910 matches your ICP very well on modality (miniproteins, nanobodies, antibodies in bacterial formats) and workflow (high-volume short constructs, E. coli expression, BLI validation). DNA synthesis demand is extreme (hitting 10K+ designs/yr); bacterial expression is core; cell-free is strategic supplement. However, three factors prevent a 5: (1) No confirmed in-house DNA synthesis capability, but they may optimize vendor mix (seeking cheaper, faster suppliers like you). (2) Protein production i","targets/briefs/1910_formerly_1910_genetics.md"
"4","tier2_warm","ACX Therapeutics","enzyme","seed_to_series_A","easy","New York","USA","2024","","Seed","","2024-03","2","unknown","no","DNA=medium Ecoli=high CF=medium E2E=low","100-1000","False","2","Emmanouela Petsolari (Co-Founder & CEO); Melina Petsolari (Co-Founder & CTO)","medium","Position as end-to-end bioprotein optimization partner for synbio crop-protection candidates. Lead with E. coli KRX expression + rapid purification for fast iteration on bioactive peptide/protein variants (e.g., 'screen 10 variants per week at $X per construct'). Emphasize cost advantage ($50/assembly vs. $100+ incumbents) + turnaround speed (48-72 hr) to compress their preclinical validation cycle. Bundle with clonal DNA synthesis as complementary service. Target outreach: direct to Emmanouela (CEO) via Y Combinator network or direct LinkedIn; frame as 'YC peer vendor' (if applicable) offering white-glove early-stage support.","High fit on E. coli expression services (core to protein variant screening workflow) + medium fit on clonal DNA synthesis. Company is at optimal stage for vendor engagement (early, founders accessible, no entrenched vendor relationships). However, prospect score is 4 not 5 because: (1) team size is very small (4 FTE) limiting near-term volume, (2) no confirmed in-house synthesis capability data but cannot rule it out, (3) regulatory/commercialization risk means customer lifetime is uncertain. If","targets/briefs/acx_therapeutics.md"
"4","tier1_hot","AI Proteins","miniprotein_or_nanobody","series_B","moderate","Boston","United States","2021","59700000","Series A","41500000","2025-11","12","no","yes","DNA=high Ecoli=high CF=medium E2E=high","1000-10000","True","4","Chris Bahl, PhD (Founder, President, CEO, Chief Scientific Officer); James Bowman, PhD (Chief Technology Officer); Wendy Dwyer (Chief Business Officer)","high","Your miniprotein platform generates 1000+ design variants annually, each requiring rapid cloning and expression validation. Our clonal DNA assembly ($50/reaction, 2 kb max) is half the cost of Twist/IDT and pairs seamlessly with E. coli KRX expression + purification for immediate hit-to-lead screening. We also offer high-throughput BLI for binding optimization across your 150+ targets. Partner with us to accelerate your design-build-test cycle by 30% while cutting DNA synthesis costs by 50%.","Excellent fit: (1) Primary modality miniprotein/nanobody matches bacterial expression systems (E. coli, cell-free). (2) High-throughput design-build-test platform creates strong annual demand for clonal DNA (<2 kb, 1000–10,000 constructs/year). (3) In-house expression and characterization capability exists but still emerging; outsourcing opportunity during scale-up. (4) Early-stage access: post-Series A but pre-public, likely to engage new vendors without entrenched relationships. (5) Technical ","targets/briefs/ai_proteins.md"
"4","tier2_warm","Abalone Bio","antibody","seed_to_series_A","easy","Emeryville","United States","2018","2150000","Grant","","2024-04","20","partial","yes","DNA=high Ecoli=medium CF=low E2E=high","1000-10000","True","4","Richard Yu (Co-founder and CEO); Toshi Takeuchi (Chief Scientific Officer); Sameer Soi (VP, Data Sciences & AI)","high","Abalone Bio's FAST platform generates thousands of antibody variants per discovery cycle—variants that need rapid, cost-effective synthesis and validation before yeast screening. We offer a complementary solution: (1) **Clonal DNA synthesis** at 50/reaction—half the cost of IDT/Twist—for your variant libraries, positive/negative controls, and lead candidates (targeting 10k-50k constructs/year); (2) **E. coli expression with BLI throughput** for rapid Kd ranking of ML-designed hits and yeast-identified leads, reducing iteration time and cost; (3) **End-to-end binder workflow** for your designed variant batches—synthesis → expression → characterization in 2-3 week turnaround, enabling faster design-build-test cycles. Our pricing and throughput align with discovery-stage velocity. Can we discuss your current bottlenecks in construct synthesis and biophysical validation?","Strong technical fit across multiple service lines (clonal DNA, E. coli expression, BLI characterization). Primary modality is antibody; expression system is yeast (good fit for E. coli validation). High DNA synthesis demand for library generation and variant testing. Bench size ~20 implies meaningful scale. Company stage (Seed/early Series A) facilitates outreach without procurement friction. AI-biology team generating many designed binders per cycle—textbook match for end-to-end binder workflo","targets/briefs/abalone_bio.md"
"4","tier2_warm","Aether Biomachines","enzyme","seed_to_series_A","moderate","Menlo Park","USA","2017","64000000","Series A1","15000000","2025-12","25","partial","yes","DNA=high Ecoli=low CF=medium E2E=low","10000+","True","2","Pavle Jeremić (CEO & Founder); Jay Zaveri (President (newly appointed Dec 2025))","high","Aether tests 300 proteins/week at scale. Each new sequence requires DNA synthesis—short, iterative, high-volume. Your clonal DNA assembly ($50/reaction, <2 kb) is 50% cheaper than Twist/IDT/GenScript and faster for their HTP variant-screening workflow. Offer to pilot on their next protein design cycle with a small batch (100–500 constructs). Showcase your DNA synthesis → immediate E. coli expression handoff model (even if you can't do all expression, fast DNA + fast delivery = faster iteration). Mention your flexibility to scale as they scale production (current ~25 headcount; hiring suggests rapid growth). Position as the consumable-cost lever for their platform economics—every 10% savings on DNA synthesis scales their design-to-test cycle. Pitch Jay Zaveri (President) on operational efficiency; he's an operator/investor, not a scientist, so speak to cost, speed, and supply-chain stability.","STRONG FIT on clonal DNA (high volume, short constructs, willing to outsource) + clear signal of DNA synthesis demand (~15,600 proteins/year → ~15,600+ DNA syntheses/year). WEAK FIT on E. coli expression (they own the asset). NO FIT on binders (not their modality). Prospect is active, just raised capital, CEO/President are accessible (media interviews, podcasts). Series A1 stage = moderate outreach difficulty. DNA synthesis is a consumable input to their engine; your $50 pricing and high-through","targets/briefs/aether_biomachines.md"
"4","tier2_warm","Ailurus Bio","enzyme","seed_to_series_A","easy","London","United Kingdom","2020","","Seed","","2021-10","3","partial","yes","DNA=high Ecoli=high CF=low E2E=high","1000-10000","False","2","Haotian Guo (Founder & CEO); Shan Jiang (Co-Founder & COO)","medium","Position us as the cost-efficient, scalable DNA synthesis partner for Ailurus' rapid-iteration, high-throughput protein-design loops. Offer: (1) **Bulk pricing on short constructs (<2 kb)**—undercut their current outsourced vendor (Twist/IDT/GenScript assumed) by 20-30% on 1000+ orders/year. (2) **Dedicated integration with PandaPure workflow**—pre-optimized cloning protocols, plasmid templates, quality metrics for their expression vectors. (3) **Flexible capacity for surge demands**—Ailurus' customers doing large variant libraries will spike synthesis demand; offer surge capacity without long-lead times. (4) **Data feedback loop**—share anonymized successful designs/failures to help Ailurus refine Ailurus vec and Protein Service. Emphasis: *Enable Ailurus to pass cost savings to customers, making PandaPure even more competitive vs traditional purification and increasing their sales velocity.*","Ailurus is a strong strategic fit on multiple service lines: (1) **Clonal DNA fit: high**—AI protein-design teams ordering high-volume short constructs (~1000-10000/year) for variant screening are ideal customers. (2) **E. coli KRX expression: high**—PandaPure is fundamentally an E. coli expression product; direct alignment. (3) **End-to-end binder workflow: high**—AI-biology teams designing nanobodies/mini-binders match persona exactly. (4) **Cell-free: low**—not a primary focus. **Stage & reac","targets/briefs/ailurus_bio.md"
"4","tier2_warm","Allozymes","enzyme","seed_to_series_A","moderate","Singapore","Singapore","2019","23300000","Series A","15000000","2024-05","8","partial","partial","DNA=high Ecoli=high CF=medium E2E=low","10000+","True","3","Peyman Salehian (Chief Executive Officer, Co-founder); Akbar Vahidi (Chief Technical Officer, Co-founder); Andreas Reindl (Chief Operating Officer)","high","Allozymes designs and screens millions of enzyme variants per project. Each variant requires a short DNA construct—at current volumes, this represents 50–500k constructs/year. We offer clonal assembly at $50/construct (50% cheaper than your current vendors like GenScript) with guaranteed quality and fast batch turnaround. Additionally, as you scale bioprocess in-house, our KRX expression service can handle interim expression bottlenecks and small-batch validation before committing to large fermentation. We've partnered with other deep-tech biotech teams at similar scale; we can integrate directly into your variant-screening workflow and negotiate volume pricing as your enzyme projects grow. Let's explore a pilot on your next 500–1,000 construct campaign.","Allozymes is a strong fit on clonal DNA synthesis (score: HIGH, 10k–100k+ orders/year) and E. coli KRX expression (score: HIGH, bottleneck relief during scaling phase). They already use GenScript for some synthesis/expression, but our 50% cost advantage and batch assembly model is compelling for massive variant screening campaigns. They are not an in-house synthesis player (unlike Ansa, Ginkgo), so downside from `in_house_dna_synthesis` does not apply. Cell-free adds minor value (MEDIUM fit). Bi","targets/briefs/allozymes.md"
"4","tier2_warm","Anthrogen","miniprotein_or_nanobody","seed_to_series_A","easy","San Francisco","USA","2024","4000000","Seed","4000000","2024-11","8","no","partial","DNA=high Ecoli=high CF=medium E2E=high","1000-10000","True","2","Ankit Singhal (CEO); Connor Lee (CTO)","medium","Position as 'infrastructure for protein design iteration at scale.' Emphasize: (1) We've solved cost (50/assembly, 2x cheaper than Twist); (2) We're built for the design-build-test loop you're running—1000s of constructs/year is our sweet spot; (3) Our KRX prep and Gator BLI integration reduce your internal ops friction so you can focus on model improvement and wet-lab insights; (4) We've worked with other AI biology founders (Evo, Genesis, etc.) doing multi-round design iterations. Open with 'How many DNA constructs are you synthesizing per month today?' to qualify volume; then show cost comparison and turnaround. Offer pilot: 50-unit trial at $50/ea (~$2500 total) with 3-day turnaround. Emphasize referral/relationship-building angle rather than enterprise lock-in, which fits their stage.","Strong fit on clonal-DNA (high volume, iterative protein design) and ecoli-krx-expression (aligned with scFv/miniprotein/enzyme modality, cost-sensitive). End-to-end binder workflow also well-aligned. Team is at optimal stage for outsourcing partner engagement (seed, no incumbent relationships). High wet-lab intensity and protein design focus create sustained demand. However: (1) small team size means deal size and negotiation bandwidth are limited; (2) no public customer evidence yet—Odyssey is","targets/briefs/anthrogen.md"
"4","tier2_warm","Arbor Biotechnologies","CRISPR_or_guide","series_C_plus","moderate","Cambridge","United States","2016","304000000","Series C","73900000","2025-03","30","no","partial","DNA=high Ecoli=high CF=medium E2E=low","1000-10000","False","3","John Murphy (Chief Scientific Officer); David Scott (Co-founder, Head of Innovation); Devyn Smith (Chief Executive Officer)","high","Target Dr. John Murphy (CSO) or David Scott (Head of Innovation) with a focus on accelerating nuclease variant screening cycles. Pitch: (1) cost advantage on short constructs ($50 vs. $100+ incumbents) for high-volume orders, enabling broader variant libraries, (2) E. coli KRX rapid turnaround (3-5 days synthesis-to-purified-protein) to shorten iteration cycles during nuclease engineering, (3) optional Gator BLI integration for activity screening validation. Emphasize our ability to handle 10k+ annual orders without vendor lock-in. Lead with case study from similar AI-first protein design team (if available). Position as complementary to Ginkgo partnership (they focus on RT editor optimization; we enable rapid nuclease screening).","Strong fit on clonal_dna_under_2kb and ecoli_krx_expression (estimated 2,000-20,000 orders/yr combined). High technical alignment: platform relies on iterative nuclease synthesis, expression, and screening. No in-house synthesis; Ginkgo partnership signals vendor openness. Series C stage → moderate procurement friction vs. seed-stage but still relatively agile. Clinical focus (2025) may reduce discovery synthesis velocity temporarily but unlikely to eliminate it. Lacks antibody-modality mismatch","targets/briefs/arbor_biotechnologies.md"
"4","tier2_warm","Biomatter","enzyme","seed_to_series_A","easy","Vilnius","Lithuania","2018","8860000","Seed","7062000","2024-08","8","partial","partial","DNA=high Ecoli=high CF=medium E2E=low","1000-10000","True","2","Laurynas Karpus (CEO & Co-Founder); Cindy Chang (Vice President of Business Development, Biopharma)","medium","Biomatter's enzyme design platform generates high-throughput DNA variant libraries for experimental validation. Our clonal DNA synthesis at $50/assembly (vs. $100+ incumbents) and integrated KRX expression service reduce iteration cycle time and cost. We offer flexible batch sizing (10–1,000 constructs) without vendor lock-in, enabling rapid A/B testing of enzyme variants. Early case study: [6–12 month partnership showing reduced TTM and cost-per-variant]. Let's discuss how we scale your discovery pipeline to 5k–10k annual constructs while keeping R&D costs sub-$500k/year.","Strong fit on clonal DNA (<2 kb) and E. coli expression services; primary modality (enzyme) matches both DNA synthesis and protein expression offerings. High estimated annual order volume (1k–10k constructs) for iterative design cycles. Seed-stage company with young, founder-led team and high growth trajectory evident from recent funding and customer wins. No in-house DNA synthesis capability; outsourced partnerships create openings. Downside: limited public visibility on current annual throughp","targets/briefs/biomatter.md"
"4","tier2_warm","Cambrium","enzyme","seed_to_series_A","easy","Berlin","Germany","2020","12400000","Seed","","2024-11","12","no","partial","DNA=high Ecoli=medium CF=medium E2E=low","1000-10000","True","3","Mitchell Duffy (Co-founder & CEO); Charles Cotton (Co-founder, PhD Structural Biology); Pierre Salvy (Chief Technology Officer)","high","Position us as a strategic partner for Cambrium's design-build-test cycles: 'We offer cost-effective, rapid clonal DNA synthesis (<2 kb, $50/assembly) for your variant screening libraries, plus E. coli/cell-free expression when you need quick validation before CMO handoff. As you scale from NovaColl to hair care, nutraceuticals, and new materials, you'll be generating hundreds of protein designs per month—let us accelerate your discovery loops and reduce synthesis costs by 50% vs. Twist/IDT. We've worked with other AI-biology teams in your stage; we integrate seamlessly and scale with you.' Emphasize: cost parity with incumbents, speed, willingness to flex on batch sizes and turnaround, and experience with iterative biotech workflows.","Cambrium is a strong fit on clonal DNA synthesis (<2 kb, high annual volume estimated 2000-5000+ orders) and has partial fit on E. coli expression (supplementary) and cell-free (future potential). They have demonstrated product-market fit (NovaColl commercialized, revenue-generating), rapid iteration cycles (5x faster than industry), and are in the ideal company stage (seed-to-Series A with low procurement friction). Primary modality (engineered proteins/enzymes for structural materials) aligns ","targets/briefs/cambrium.md"
"4","tier1_hot","Chai Discovery","antibody","series_B","moderate","San Francisco","USA","2024","225000000","Series B","130000000","2025-12","20","unknown","partial","DNA=high Ecoli=high CF=medium E2E=high","1000-10000","True","3","Joshua Meier (CEO & Co-Founder); Jack Dent (Co-Founder); Matthew McPartlon (Co-Founder)","high","Position as the 'expression + characterization backbone' for Chai's partner ecosystem. Emphasize: (1) sub-$50 clonal DNA pricing beats incumbent SLAs by 2x (Twist/GenScript cost ≥ $100/construct); (2) express-from-clonal workflow eliminates design-to-validation cycle friction (critical as Chai scales 50→500 targets/year); (3) BLI throughput (Gator) can feed directly into Chai's ranking models for rapid iteration. Offer pilot with one pharma partner or internal targets (10–20 constructs/month) to establish baseline, then scale to platform-wide terms. Frame as co-enabling Chai's moonshot: 'turning antibody discovery into CAD.'","Chai-2 projects high-volume demand for clonal DNA (<2 kb), E. coli expression, and BLI-based end-to-end workflows over the next 12–24 months as they onboard pharma partners and scale. Bacterial expression system is core modality (nanobodies, miniproteins). Series B funding ensures capacity to outsource non-core services. Early-stage enough that vendor relationships remain fluid; late enough that they can negotiate meaningful volumes. Open-source Chai-1 + Chai-2's track record makes them a credib","targets/briefs/chai_discovery.md"
"4","tier1_hot","Cradle","enzyme","series_B","moderate","Amsterdam","Netherlands","2021","103000000","Series B","73000000","2024-11","25","no","partial","DNA=high Ecoli=high CF=medium E2E=high","10000+","True","3","Stef van Grieken (Co-founder & CEO); Sam Partovi (Chief Commercial Officer); Elise de Reus (Co-founder)","high","Position your clonal DNA service ($50/assembly, half incumbent cost) as the high-throughput synthesis partner for Cradle's protein design cycles, reducing time-to-screen. Emphasize: (a) rapid turnaround (<48h) matching Cradle's iterative cycles, (b) seamless integration with Cradle's workflow (batch submission of 100+ designs/week), (c) E. coli KRX expression add-on for validated miniproteins and nanobodies, (d) optional Gator BLI endpoint quantification for binder projects. Offer proof-of-concept with one of Cradle's active customer projects (with NDA); target Sam Partovi (CCO) and Harmen van Rossum (wet lab) for initial engagement.","Cradle is an ideal customer for clonal DNA synthesis and expression services. (1) High-volume DNA synthesis demand: iterative protein design generates 10k+ short constructs/year across customer base. (2) Bacterial expression fit: many designed proteins (enzymes, nanobodies, peptides) are E. coli-amenable; validation is partly in-house but customer demand for outsourced expression is strong. (3) Binder workflow fit: antibodies and peptides are core modalities; BLI characterization would enhance C","targets/briefs/cradle.md"
"4","tier2_warm","Diffuse Bio","miniprotein_or_nanobody","seed_to_series_A","easy","San Carlos","United States","2022","","","","","8","no","partial","DNA=high Ecoli=high CF=medium E2E=high","1000-10000","","1","Namrata Anand (CEO)","medium","Diffuse Bio is generating large libraries of AI-designed nanobodies, minibinders, and scFvs that require rapid, cost-effective DNA assembly and expression for experimental validation. Your Clonal DNA synthesis service (assembly <2 kb, $50/reaction, 50% cheaper than incumbents) plus KRX expression & purification align perfectly with Diffuse's user workflows: researchers will request 100s-1000s of designs annually, need fast turnaround for variant screening, and benefit from outsourced expression to focus on AI iteration. RamaX already covers yeast-display screening; your E. coli KRX service would enable downstream recombinant protein production for leads that pass initial binder screening. Pitch a pilot: offer discounted clonal DNA + KRX rates for Diffuse's top 5-10 binder designs per target, positioning as a seamless extension of their design-to-validation pipeline.","<cite index=""2-6"">Diffuse Bio handles a whole array of protein engineering tasks at the push of a button — from loop redesign and sequence engineering, all the way to binder design and de novo structure generation.</cite> Strong fit on miniprotein/nanobody modality (primary output), bacterial expression (minibinders/nanobodies/scFvs), and clonal DNA synthesis (<2 kb constructs). Teams using Diffuse are exactly the ICP: AI-biology teams generating many designed binder constructs for screening. Pr","targets/briefs/diffuse_bio.md"
"4","tier2_warm","Ditto Biosciences","miniprotein_or_nanobody","seed_to_series_A","easy","","","2025","","Seed","","2025-11","12","unknown","unknown","DNA=high Ecoli=high CF=medium E2E=high","1000-10000","True","2","Dennis Sun (Co-founder, Platform Lead); Emily Weiss (Co-founder, Host-Parasite Interaction Expert)","medium","Ditto's discovery engine identifies thousands of parasite protein candidates per cycle. At stage where you're validating hits, every candidate needs DNA synthesis → expression → BLI characterization. Our clonal DNA assembly ($50/construct) + E. coli KRX + Gator BLI workflow lets your team run 100–500 candidate validations per month at 50% your current cost. We've supported other AI-biology teams scaling from discovery to lead optimization. Let's align on your 6-month validation roadmap and lock in volume pricing.","Strong fit on three of four service lines (clonal DNA <2kb, E. coli KRX expression, end-to-end binder workflow). Primary modality (parasite-derived protein candidates) is well-suited to bacterial expression and rapid iteration. Team is computational + experimental, early-stage, and actively building. Funding stage (post-seed, pre-Series A) fits ideal customer profile. Main limiting factor: cannot confirm in-house capabilities or current synthesis vendor relationships; if they have in-house synth","targets/briefs/ditto_biosciences.md"
"4","tier2_warm","Earendil Labs","antibody","series_B","moderate","Middletown","United States","2021","787000000","Series Unknown","787000000","2026-03","8","no","partial","DNA=high Ecoli=high CF=medium E2E=high","1000-10000","True","2","Jian Peng (Founder & CEO); Zhenping Zhu (Co-Founder, President & Co-CEO)","high","Approach: Target Jian Peng or Zhenping Zhu via LinkedIn or CFO/COO (identify via website/LinkedIn org search) with focus on Earendil's rapid discovery iteration. Pitch: 'Earendil's platform generates 40+ programs per year—each requiring 5–20 construct variants for optimization. Our clonal DNA synthesis at $50/assembly (half incumbent cost) + direct E. coli KRX expression turnaround (48–72 hrs) accelerates your discovery cycles. Additionally, our end-to-end binder workflow with BLI quantification reduces your internal bottleneck on kinetics profiling. We're built for AI-design teams that need 100+ constructs/year.' Emphasize: Cost advantage (Twist/IDT cost parity), speed (48-72 hr turnaround), and integrated expression service that reduces friction. Offer pilot: 50–100 constructs at $50 ea + 10–20 E. coli expression batches to demonstrate quality and turnaround. Timeline: Approach now (late 2026 funding phase) before they lock vendor agreements; offer 6-month pilot to build relationship before they ramp 2027 IND submissions.","Earendil is a strong fit on multiple service lines: (1) clonal DNA synthesis (high fit, 1000–10k constructs/year), (2) E. coli KRX expression (high fit for discovery screening), (3) end-to-end binder workflow (high fit for rapid BLI profiling). Company is at Series B+ scale, actively hiring, and demonstrating wet-lab intensity. Founders visible and engaged. Main constraint: Not yet at 'tier1_hot' status because (a) company is now large enough (~$30–50M post-funding run rate) that they may self-s","targets/briefs/earendil_labs.md"
"4","tier2_warm","Elegen","enzyme","series_B","moderate","San Carlos","USA","2017","","Series B","35000000","2024-05","","yes","partial","DNA=low Ecoli=high CF=high E2E=medium","100-1000","True","4","Stephen Von Stetina (Senior Research Scientist / Founder, Asimov); Ginkgo Bioworks (contact unknown) (Customer (DNA synthesis)); Adam Fisher (Principal Scientist, Ensoma)","high","Position clonal DNA synthesis ($50/assembly for <2 kb) and E. coli KRX expression/purification as complementary offerings for Elegen's customers who are building protein libraries via AI design. Emphasize: (1) our sub-$50 cost beats Elegen's competitive vector cost when paired; (2) immediate protein production from clonal culture removes downstream optimization delays; (3) we can absorb high-volume orders (100+ constructs/month) at consistent quality/turnaround. Offer initial pilot: design 50 variant enzymes, synthesize via Elegen or your service, express in our KRX system, deliver purified protein in 3 weeks. Highlight Elegen's strong fit with Ginkgo/Asimov/Caltech ecosystem and pitch as a 'next-mile' partner for their teams who want to go from DNA→protein faster. Mention willingness to integrate via API or custom workflows (Elegen-optimized plate formats, barcoding, etc.) if volumes justify it.","Strong fit on at least two service lines (E. coli KRX expression + cell-free expression) with estimated 100–1000 constructs/year. Primary modality (enzyme design for protein engineering) aligns perfectly with short/medium-length construct needs. Elegen has proven customer traction (Ginkgo, Asimov) and is hungry for customer feedback and partnerships (evidenced by IDT deal, Nutcracker pilot). Company stage (Series B, post-PMF) makes them responsive to outreach, though not as fast as seed-stage. L","targets/briefs/elegen.md"
"4","tier2_warm","Emerald Cloud Lab","miniprotein_or_nanobody","series_B","moderate","Austin","United States","2014","151000000","Series C","","","15","no","partial","DNA=high Ecoli=high CF=high E2E=high","1000-10000","True","3","Brian Frezza (Co-founder, Co-CEO); DJ Kleinbaum (Co-founder, Co-CEO); Ben Kline (Senior Researcher)","high","Position your clonal DNA synthesis + E. coli KRX expression as a *pre-cloud-lab* stage service for ECL customers in the early variant-screening phase. ECL excels at scale-up and characterization; you excel at rapid, low-cost design iteration. Propose a pilot integration: (1) your DNA synthesis + basic expression/purification for 100s of mini variants in parallel, (2) hand-off validated hits to ECL for high-throughput characterization (BLI, functional assays) on their 200+ instrument suite. For binder discovery teams, emphasize speed and cost: 50 designed nanobodies → your service (clonal DNA + E. coli + SDS-PAGE or basic purification) → pre-screened for solubility/expression → then send 10–20 hits to ECL for full BLI profiling and funnel. This *complements* ECL rather than competing with it. Additionally, explore a white-label or OEM integration where ECL can offer your services as an 'upstream DNA/protein prep module' to their customers—expanding ECL's addressable market and capturing stickier customer relationships.","ECL is a STRONG warm lead. Scoring rationale: (1) Primary modality is miniprotein/nanobody—textbook fit for E. coli expression + BLI; (2) No in-house DNA synthesis—they depend on external vendors; (3) Partial in-house protein production—they offer expression but as a fixed service, not a contract manufacturing partner; (4) AI-biology teams using ECL fit the early-stage, vendor-flexible profile (Series A/B); (5) Multiple service lines have high fit (clonal DNA, E. coli expression, cell-free, bind","targets/briefs/emerald_cloud_lab.md"
"4","tier2_warm","Engage Bio","mRNA_or_RNA","seed_to_series_A","easy","San Carlos","USA","2021","500000","Seed","500000","2022-03","7","no","no","DNA=medium Ecoli=low CF=medium E2E=high","1000-10000","True","3","Will Olsen (Co-Founder & CEO); Ben Hawley (Chief Technology Officer); Kathryn Strobel Kwant (Co-Founder & Scientific Advisor)","medium","Engage Bio's Tethosome platform requires rapid iteration on therapeutic DNA constructs (therapeutic cargo + mRNA-encoding tethosome protein) and mammalian-expressed protein components. Our clonal DNA service at $50/assembly (half incumbent pricing) directly accelerates your preclinical variant screening cycles. Additionally, if you're exploring monoclonal antibody or enzyme payloads for proof-of-concept (Gates Foundation malaria work, CF therapy), our integrated DNA→ expression→BLI workflow (cell-free or HEK-based) compresses design-to-characterization timelines. Early partnership now supports your preclinical program at seed-stage costs, before larger pharma partners impose vendor consolidation. Let's discuss how we can reduce your wet-lab throughput bottleneck.","Strong fit across 2–3 service lines (clonal DNA, cell-free expression, end-to-end binder workflow). Primary modality is mRNA + genetic medicine (not pure software or small molecule). Company is pre-seed/seed stage (easy outreach). Wet lab intensity is high (in vivo operations, mammalian cell culture). Multiple indications (CF, malaria, oncology) suggest iterative construct design & protein engineering, driving DNA synthesis orders. However: (1) only $500K raised; may have tight budget → cost sen","targets/briefs/engage_bio.md"
"4","tier2_warm","Enzymit","enzyme","seed_to_series_A","easy","Ness Ziona","Israel","2020","15000000","Series A","10000000","2024-09","8","partial","partial","DNA=high Ecoli=high CF=medium E2E=low","1000-10000","False","3","Gideon Lapidoth (CEO & Co-Founder); Dror Baran (COO & Co-Founder); Nelli (Strategy & Business Development)","high","Enzymit's CoSaNN platform generates millions of enzyme variants per cycle. You're likely synthesizing 1,000–10,000+ short gene constructs annually for high-throughput screening. Our clonal DNA service ($50/assembly, 2-3x cheaper than Twist/IDT) and E. coli KRX expression+purification directly integrate with your variant-to-phenotype loop, removing bottlenecks in your computational-to-experimental pipeline. As you scale from pilot (200L HA with Cosun) to manufacturing, we can maintain velocity on enzyme optimization and process development. Let's talk about aligning our DNA synthesis and expression capacity with your 2026 scaling roadmap.","Enzymit is a strong fit on two critical service lines: (1) clonal DNA under 2kb (very high volume, 1,000–10,000+ constructs/year for CoSaNN variant screening), and (2) E. coli KRX expression (high-throughput enzyme expression and characterization). Primary modality is enzyme (biocatalyst) design, not antibody/mammalian expression, which aligns well with bacterial expression offerings. Series A stage = easy procurement and high motivation to outsource non-core functions. Cell-free expression is s","targets/briefs/enzymit.md"
"4","tier1_hot","Epic Bio","AAV_or_gene_therapy","series_B","moderate","South San Francisco","USA","2019","123000000","Series B","68000000","2025-03","12","no","partial","DNA=medium Ecoli=high CF=high E2E=low","100-1000","True","3","Amber Salzman, PhD (CEO); Stanley Qi, PhD (Founder & Scientific Advisor); Dipali Patel, PhD (Process Development Lead)","high","Approach via Amber Salzman (CEO) or Stanley Qi (founder) at upcoming conferences (J.P. Morgan Healthcare, ASGCT, or CRISPR Frontiers). Lead with data: (1) Show case studies of other epigenetic/protein-design teams using E. coli KRX for rapid modulator screening (emphasize cost advantage vs. mammalian expression for discovery phase). (2) Offer bundle deal: clonal DNA (<2 kb short ORFs for modulator variants) + E. coli KRX expression + BLI quantification for affinity screening of lead modulator-target interactions (even though not primary binder workflow, can add value to their kinetic characterization of engineered activators). (3) Highlight scale: position for 100+ constructs/month during active discovery cycles. (4) Timing: Series B just closed; clinical milestone coming early 2026—best engagement window is Q2 2026 post-data release when they may expand screening pipelines for next-gen programs (A1AD, HeFH, cancer indications). Emphasize vendor flexibility and willingness to work with their CDMO and manufacturing partner.","Epic Bio is strong fit on 2 of 4 service lines (E. coli KRX expression: high; cell-free expression: high) with genuine demand for rapid, iterative protein screening and engineering cycles driving DNA synthesis and expression orders. Primary modality (AAV gene therapy) typically requires construct lengths >2 kb, so clonal_dna_under_2kb fit is medium rather than high, but the modulator screening/engineering subworkflow creates steady demand for short ORF constructs. Series B stage + active clinica","targets/briefs/epic_bio.md"
"4","tier2_warm","Etcembly","miniprotein_or_nanobody","seed_to_series_A","easy","Oxford","United Kingdom","2020","15100000","Seed","","2021","8","partial","yes","DNA=high Ecoli=high CF=medium E2E=high","1000-10000","True","5","Ross (Head of Protein Engineering); Rachel Mulvaney (Principal Scientist, Protein Engineering); Zahra Ouaray (Scientific team member (Protein Engineering/Bioinformatics))","high","Position as the preferred partner for Etcembly's design-build-test acceleration as EMLy throughput scales. Lead with: (1) **Clonal DNA cost advantage**: $50/assembly vs. $100+ incumbent vendors saves $50K-$300K annually on growing construct libraries; (2) **E. coli expression throughput**: outsourcing parallelizes variant validation, enabling faster design cycles as DJS/AbbVie and other partnerships expand demand; (3) **End-to-end BLI workflow**: eliminate the characterization bottleneck by offering direct integration of DNA→expression→Gator BLI quantification, reducing time-to-candidate-selection from weeks to days. Frame as enabling 'faster EMLy cycles'—Etcembly has already proven 11-month TCR discovery vs. 2-year industry standard; outsourced synthesis/expression/characterization can compress that further to 6-8 months, differentiating them vs. Immunocore, T-Cypher, etc. Timing: reach out to Ross (Protein Engineering), Rachel Mulvaney (Principal Scientist), and Michelle Teng (CEO) within 90 days of Series A close (if announced) or by Q2 2026 after JPM momentum settles. Emphasize research partnership first (free/discounted pilot on 50-100 constructs for ETC-101 or next-gen program) to build relationship and demonstrate value before asking for budget commitment.","Strong fit on multiple service lines (clonal DNA synthesis, E. coli expression, end-to-end binder workflow). High modality fit (miniprotein/nanobody/TCR ectodomain design with bacterial expression primary pathway). Significant annual construct demand expected (1000-10,000 clonal DNA, 100-1000 expression, 100-1000 BLI characterization based on design throughput). Seed-stage company with easy outreach and minimal procurement friction. Recent commercial partnerships (DJS/AbbVie) validate market tra","targets/briefs/etcembly.md"
"4","tier2_warm","Exonic","other","stealth_or_pre_seed","easy","San Francisco","USA","2025","500000","Pre-seed","500000","2025-11","6","no","no","DNA=high Ecoli=low CF=medium E2E=low","1000-10000","True","2","Ben Brimacombe (CEO and Founder); Mikhail Kulak (Chief Scientific Officer)","medium","Position clonal DNA synthesis as enabling block for Exonic's tournament scale. Highlight: (1) 50% cost advantage vs. Twist/IDT (match your $50/assembly target); (2) rapid turnaround to support quarterly tournament cycles; (3) bulk discounts for 100+ sequences per tournament; (4) potential for direct API integration into Exonic Studio platform (allow users to order synthesis within workflow, mark Exonic as preferred vendor). Emphasize partnership: as Exonic scales tournaments, synthesis volume grows linearly. Offer white-glove onboarding and pilot pricing. Key ask: become default synthesis vendor for Exonic's public and internal tournaments.","HIGH synthesis demand (high volume, short DNA constructs <2 kb per tournament cycle). STRONG AI-biology team profile (CEO with scaling experience, CSO with deep wet-lab + publications). MEDIUM team size but ACTIVELY HIRING wet-lab (signals growth plans). EASY to reach (pre-seed, no procurement friction). PARTIAL fit on synthesis services: clonal DNA is excellent fit; expression/assay services are not immediately needed (they do MPRA in-house). Downgrade from Tier 1 ('hot') to Tier 2 ('warm') bec","targets/briefs/exonic.md"
"4","tier1_hot","FinalDose","other","stealth_or_pre_seed","easy","London","United Kingdom","2025","","Seed","","2026-04","3","unknown","unknown","DNA=high Ecoli=medium CF=low E2E=low","1000-10000","False","3","Li-Yao Huang (CSO); Jeff Liu (CEO); Steven Lin (CTO)","medium","Hi Li-Yao, we noticed FinalDose's focus on rapid construct iteration for DNA-sensing platform discovery. We offer clonal DNA assembly (<2 kb, $50/reaction) 10x faster than IDT/Twist with bulk discounts (100+ constructs/year). Combined with optional E. coli expression for quick protein domain characterization, you can compress variant-screening cycles from weeks to days without hiring. Given your CRISPR screening background, we anticipate 1000+ constructs/year in your discovery phase. We've worked with early-stage cancer biology teams at Seed stage and can flex volumes as you scale. Curious if you'd benefit from a trial batch on your next target variant set.","FinalDose is a strong fit on 1-2 of our four service lines (clonal DNA assembly, possibly E. coli expression for protein domain characterization). They are at optimal company stage (Seed/YC, not entrenched), have proven founders with capital, and operate in high-throughput iterative discovery (perfect for low-cost bulk DNA assembly). The primary modality (DNA-recognition small molecule) is orthogonal to traditional protein-design vendors, reducing competitive noise. Bench headcount (~3 FTE) impl","targets/briefs/finaldose.md"
"4","tier2_warm","Imperagen","enzyme","seed_to_series_A","easy","Manchester","United Kingdom","2021","4500000","Seed","4500000","2022-08","","partial","yes","DNA=high Ecoli=high CF=medium E2E=low","1000-10000","False","2","Andrew Almond (CEO); Timothy Eyes (Co-Founder, Program Management)","medium","Position Gator Clonal DNA synthesis as cost-efficient, high-throughput backbone for Imperagen's enzyme variant library construction. Emphasize scalability to 1000–10000 annual orders at $50/assembly (half incumbent cost). Bundle optional E. coli KRX expression + purification as ad-hoc fallback for expression-difficult variants or batch prototyping. Lead with case study from AI-biology teams running closed-loop protein design. Offer flexible SLA to accommodate iterative research cycles. Target Timothy Eyes (program management) for initial technical conversation; escalate partnership discussion to Andrew Almond (CEO).","Strong fit on clonal_dna_under_2kb (high volume, short constructs for enzyme library design) and ecoli_krx_expression (assumed outsourcing given seed-stage wet-lab constraints). Enzyme modality is core strength. Expression systems align well with our offerings. Early-stage company with no procurement friction. Risk: limited visibility on current synthesis/expression vendors, no public partnerships, and capital constraints may limit near-term outsourcing spend. Warrants outreach but not top-tier ","targets/briefs/imperagen.md"
"4","tier1_hot","Infinimmune","antibody","seed_to_series_A","easy","Alameda","United States","2022","12000000","Seed","12000000","2023-06","5","no","no","DNA=high Ecoli=high CF=medium E2E=high","100-1000","True","2","Wyatt McDonnell (CEO); Tim Sullivan (Chief Business Officer)","medium","Position as integrated discovery acceleration partner: Infinimmune's GLIMPSE-1 model generates nanobody and scFv variants at high throughput; we provide rapid (2–3 day TAT) clonal DNA synthesis at half the cost of IDT/Twist + immediate bacterial expression + BLI characterization, compressing your design-build-test cycle from weeks to days and enabling iterative refinement. Cite our cost structure ($50/assembly for 100+ orders/year) and that AI-first teams are our primary ICP. Offer free pilot on 50 constructs for initial target (e.g., from Grid Therapeutics NSCLC collaboration). Emphasize we scale with them through Series A.","Infinimmune is a strong fit on three of four service lines: clonal DNA (<2 kb constructs, antibody variant discovery), E. coli expression (nanobodies, scFv screening), and end-to-end binder workflow (AI-driven design output → expression → BLI characterization). Primary modality (antibody/nanobody) matches our stack perfectly. Company is pre-Series A (easy outreach), actively hiring, iterating fast on constructs, and explicitly mentions AI-driven design + need for rapid experimental validation. C","targets/briefs/infinimmune.md"
"4","tier2_warm","Ligo Biosciences","enzyme","seed_to_series_A","easy","San Francisco","USA","2024","500000","Seed","","2024-06","8","no","no","DNA=high Ecoli=high CF=high E2E=low","1000-10000","True","3","Edward Harris (CEO); Emily Egerton-Warburton (Chief Scientific Officer); Arda Goreci (Chief Technology Officer)","medium","Ligo's iterative enzyme design workflow demands high-volume short-construct DNA synthesis combined with rapid protein expression—exactly what we deliver at half the cost of incumbent vendors. Your current partnership with Adaptyv Bio is great for validation; our clonal DNA + E. coli KRX service can accelerate your variant screening cycles upstream, letting you focus resources on enzyme characterization. We're built for teams like yours: low-friction vendor engagement, 48-hour turnaround on short constructs, and integrated expression-purification. Let's explore a pilot on your next enzyme design cycle—100 variants, $5K, 2 weeks.","Strong fit on three service lines (clonal DNA, E. coli expression, cell-free). Primary modality (enzyme) aligns perfectly with bacterial/cell-free expression and short iterative construct design. Estimated 1000+ annual DNA orders + 100–1000 expression runs + 100–300 cell-free batches. Early-stage, well-funded (Y Combinator), actively hiring, and easy to reach. Founders have wet lab credibility (CSO from biotech startups, CEO worked in synbio labs). Only downside: no revenue yet, no public custom","targets/briefs/ligo_biosciences.md"
"4","tier2_warm","Modulari-T","miniprotein_or_nanobody","seed_to_series_A","easy","Montreal","Canada","2021","500000","Seed","500000","2023-04","4","no","no","DNA=high Ecoli=high CF=medium E2E=medium","1000-10000","True","2","David Cotnoir-White (CEO & Co-Founder); Stephanie Mok (COO & Co-Founder)","medium","Modulari-T's MARC platform requires rapid iteration on synthetic receptor constructs—thousands of variants per year to test antigen-binding domains, signaling domain combinations, and delivery improvements. Your clonal DNA service at $50/assembly + 50% cost savings vs. Twist enables 2-3x faster design cycles at lower cost, freeing R&D budget for wet lab validation. Our E. coli KRX expression + BLI characterization accelerates your receptor domain optimization from weeks to days, ideal for AI-guided variant screening. As you scale toward Series A and in vivo studies, we grow with you—and we're flexible partners for early-stage teams.","Strong fit on clonal DNA (high volume, high priority, <2 kb constructs) and E. coli expression (domain characterization, iteration speed). Modest fit on cell-free and binder workflow. Primary modality (synthetic immune receptors as minibinder-like antigen-recognition domains) aligns with miniprotein category. No in-house synthesis/expression = zero downgrade. Stage (early Seed) = easy outreach. Team size & hiring signals suggest readiness to outsource construct manufacturing. Only limitation: pr","targets/briefs/modulari_t.md"
"4","tier2_warm","Nabla Bio","antibody","series_B","moderate","Cambridge","United States","2020","","Series A","26000000","2024-05","30","partial","yes","DNA=high Ecoli=low CF=low E2E=medium","10000+","True","2","Surge Biswas (CEO and Co-founder); Frances Anastassacos (President and Co-founder)","high","Nabla generates an estimated 10,000+ short DNA constructs annually (VH/VL gene pairs, linker/promoter variants) to feed their million-antibody-per-quarter mammalian expression pipeline. Your clonal DNA synthesis ($50/assembly, 100+ constructs/order) cuts cost vs. incumbent vendors by 50% while maintaining quality for high-throughput screening. Pitch the cost advantage + integration with their existing mammalian expression infrastructure (no need for E. coli compatibility). Offer a trial on 500-1000 constructs for one target, with data comparing cycle time and cost to their current vendor. If they use Twist/IDT, emphasize faster turnaround on small libraries; if they are building in-house synthesis, position as a bridge solution while their platform matures.","Nabla is a strong fit for clonal DNA synthesis under 2 kb (high volume, high frequency, low-cost demand) and has partial fit for end-to-end binder workflows (though they have substantial in-house capability). The company is AI-native, design-heavy, and generates 10,000+ constructs annually. The main downgrade from '5' to '4' is: (1) they already have in-house protein production (reducing expression-service fit to 'low'), (2) they are Series A/B stage with pharma partnerships, creating moderate o","targets/briefs/nabla_bio.md"
"4","tier1_hot","Nanograb","AAV_or_gene_therapy","seed_to_series_A","easy","San Francisco","United States","2023","500000","Convertible","500000","","5","partial","partial","DNA=high Ecoli=high CF=medium E2E=high","100-1000","True","3","Debesh Mandal (Co-founder and CEO); Shanil Panara (Co-founder, In Silico Lead); Christopher Lau (Co-founder, Product Lead)","high","Nanograb is generating dozens of peptide-binder candidates each quarter and needs fast, cost-effective DNA synthesis and high-throughput bacterial expression for rapid iteration. Pitch: 'We offer clonal DNA synthesis at $50/construct (half your incumbent cost) + same-day KRX expression + BLI characterization in a single workflow. For your preclinical discovery phase, this cuts iteration cycles from 2–3 weeks to 5–7 days, letting you test 5–10x more binder combinations per quarter without slowing your path to IND.' Emphasize: (1) speed (overnight turnaround available); (2) cost (significant margin vs. Twist/IDT for bulk orders); (3) integrated BLI (eliminate handoff bottlenecks); (4) flexibility (support variants, codon optimization, synthetic biology constructs <2 kb); (5) partnership approach (we grow with you as you scale through Series A and beyond).","Nanograb is an exceptional fit. (1) Primary modality (peptide-binder engineering + gene delivery) aligns perfectly with E. coli expression and BLI screening. (2) High-volume preclinical DNA/peptide synthesis needs match our clonal DNA and expression services. (3) Early-stage, well-funded (YC S23), actively hiring, no known procurement lock-in. (4) Founders have biotech credibility and academic pedigree (Imperial, multivalency expertise). (5) Rapidly generating multiple design iterations per quar","targets/briefs/nanograb.md"
"4","tier2_warm","Numen (operating as Cleancard)","enzyme","seed_to_series_A","easy","London","United Kingdom","2021","5000000","Pre-seed","5000000","2023-09","8","partial","partial","DNA=high Ecoli=high CF=medium E2E=medium","1000-10000","True","3","Thomas Carroll (CSO & Co-Founder); Luca Springer (CEO & Co-Founder); Amber Casillas (Clinical Research Scientist)","medium","Position clonal DNA + KRX expression services as the 'iteration engine' for Cleancard's biomarker targeting velocity. Emphasize: (1) cost ($50/assembly vs. $100–150 incumbent) allows rapid design cycles without budget drag; (2) fast turnaround (48–72h) supports the '10 biomarkers per batch' velocity they've demonstrated; (3) end-to-end workflow (synthesis → expression → purification) eliminates handoff delays. Offer discounted pilot block (100–200 constructs) at Series A close, tied to long-term volume commitment once clinical validation data support scale-up. Reference Mayo Clinic Platform investment as validation of regulatory / commercial credibility.","Strong fit on two of four service lines (clonal DNA, E. coli expression) with credible high-volume demand (1000–10k short constructs/year). Founders' deep biotech expertise and Rhodes Scholar credibility indicate serious execution. Pre-seed stage = easy outreach, no procurement overhead. Partial in-house synthesis and expression capability downgrades score by 1 level (from 5) per rubric. Risks: regulatory/clinical pathway uncertainty for at-home cancer diagnostics may delay pivot to manufacturin","targets/briefs/numen_operating_as_cleancard.md"
"4","tier2_warm","Phenomic AI","antibody","series_B","moderate","Toronto","Canada","2017","8740000","Seed","6000000","2020-10","8","no","partial","DNA=high Ecoli=medium CF=low E2E=high","100-1000","True","3","Girish Aakalu (CEO); Michael (Mike) Briskin (Chief Scientific Officer); Sam Cooper (CTO (co-founder))","high","Your scTx platform generates hundreds of AI-optimized antibody variants per cycle. Our end-to-end binder workflow (DNA synthesis + E. coli KRX expression + Gator BLI quantification at $50/assembly + $X/expression) can give you quantitative affinity data on 500-1000 constructs/month, enabling 5-10x faster hit-to-lead cycles than manual expression. Perfect for rapid validation of CD3 engager fragments and scFv variants from your internal pipeline. We also offer bulk clonal DNA for pooled variant libraries. Let's discuss how we can be a backbone vendor for your antibody optimization.","Strong fit on clonal_dna_under_2kb (high), end_to_end_binder_workflow (high), and medium fit on ecoli_krx_expression. Primary modality is antibody, which aligns with our E. coli-compatible expression and BLI characterization services. ~20 headcount, ~8 engaged in antibody discovery/engineering, likely ordering 100-1000 short constructs annually for VH/VL variants and scFv prototyping. Company is building internal pipeline and partnering with Boehringer/Astellas, both of which create design itera","targets/briefs/phenomic_ai.md"
"4","tier2_warm","Quantum Sky","enzyme","seed_to_series_A","moderate","Cambridge","USA","2022","","","","","","no","partial","DNA=high Ecoli=high CF=medium E2E=medium","1000-10000","True","2","Chengwei Luo (Co-founder and CEO, Quantum Sky; Founder and CEO, Jorna Therapeutics); Alán Aspuru-Guzik (Scientific Advisor, Quantum Sky; Professor, University of Toronto; CIFAR AI Chair, Vector Institute)","medium","","Strong fit on clonal_dna_under_2kb and ecoli_krx_expression (primary modalities: gene-editing enzymes, delivery scaffolds, optimized protein variants); likely 1000–10k annual assemblies + 100–1000 expression runs. Wet-lab intensity and validation workflow align well with our KRX + quantification service. Subsidiary structure multiplies demand across Jorna (RNA editors), Rosetta Bio (enzymes), Entrega (delivery). Platform company with demonstrated partnerships (Ono, Roche, Gates, Sherlock) valida","targets/briefs/quantum_sky.md"
"4","tier2_warm","Scindo","enzyme","seed_to_series_A","easy","London","United Kingdom","2020","7430000","Seed","5400000","2025-09","4","no","partial","DNA=high Ecoli=high CF=high E2E=low","1000-10000","True","2","Gustaf Hemberg (CEO & Co-founder); Toni Nurminen (Machine Learning Lead)","high","","<cite index=""1-2,2-12,6-2"">Scindo combines AI enzyme engineering with explicit wet-lab scaling, making it a natural fit for clonal DNA synthesis and E. coli expression services.</cite> High fit on three of four service lines (clonal DNA, E. coli expression, cell-free); established partnerships with specialty chemical manufacturers signal near-term commercial demand. Team is early-stage, actively hiring, and actively scaling; low procurement friction. Primary limitation: current headcount (~7) me","targets/briefs/scindo.md"
"4","tier2_warm","Synbio Technologies","miniprotein_or_nanobody","mature","moderate","Monmouth Junction","United States","2013","15200000","Series A","13000000","2018-07","","partial","yes","DNA=high Ecoli=high CF=medium E2E=high","unknown","True","0","","medium","Position clonal DNA assembly ($50/reaction, 100+ per year volume discounts) as complement to their existing Twist partnership for ultra-short constructs (<2 kb), freeing Synbio's engineering team from routine assembly and allowing them to focus on expression optimization and antibody discovery. Emphasize cost arbitrage: current Twist/IDT/GenScript pricing is 2-3× higher. Offer pilot workflow with 50 short constructs to demonstrate savings and integrate into their antibody discovery pipeline (design → synthesis → expression → AI characterization).","Strong fit on clonal DNA assembly (high demand for short constructs in their customer base), E. coli expression (core competency), and end-to-end binder workflow (AI-guided pairing + production). However, (a) company already has in-house protein production capacity, reducing dependency on external expression services; (b) they already partner with Twist for DNA synthesis, suggesting they may have established vendor relationships; (c) last funding round was 7.5 years ago, indicating potential mat","targets/briefs/synbio_technologies.md"
"4","tier2_warm","SynsoryBio","antibody","seed_to_series_A","easy","Somerville","USA","2023","510000","Grant","275000","2024-07","2","no","no","DNA=high Ecoli=high CF=medium E2E=high","1000-10000","True","2","Elliot Tague (Co-founder); Nathan Tague (Co-founder)","medium","Position SynsoryBio as your outsourced 'protein engineering infrastructure partner' for rapid iteration cycles. Emphasize: (1) clonal DNA assembly speed and cost for bispecific antibody VH/VL variants and optogenetic construct design; (2) E. coli KRX expression for rapid LOVdeg-tag validation and bacterial-expression-friendly prototypes; (3) end-to-end binder workflow (DNA→expression→BLI) to accelerate disease-marker-binding validation. Highlight cost advantage vs. incumbent vendors (50% cheaper DNA at scale) and low friction onboarding for pre-Seed/Seed teams. Suggest a 6-month partnership to support IND-enabling studies (Q1–Q2 2025) with bundled pricing on DNA + expression for volume discount. Lead with case study: bispecific antibody teams that shipped 150+ constructs in <12 months.","Strong fit on multiple service lines (clonal DNA, E. coli KRX, cell-free, end-to-end binder workflow) due to (a) primary modality = antibody/protein engineering, (b) high DNA/protein synthesis demand for preclinical prototyping, (c) zero in-house synthesis capability, (d) small team that values outsourced infrastructure, (e) very early stage (easy outreach). Score not 5 because: (i) preclinical attrition risk (no clinical data yet), (ii) tiny headcount limits immediate order volume, (iii) only ~","targets/briefs/synsorybio.md"
"4","tier2_warm","TeselaGen Biotechnology","enzyme","series_B","moderate","Portola Valley","USA","2011","9400000","Non-equity assistance","","2023-09","10","no","no","DNA=high Ecoli=medium CF=medium E2E=high","1000-10000","False","2","Eduardo Abeliuk (CEO & Founder); Head of Growth (name partially redacted in LeadIQ) (Head of Growth)","high","TeselaGen's Tesela AI is generating hundreds of designed mini-binders, nanobodies, and antibody variants monthly—but your customers must route each design through separate synthesis, expression, and characterization partners. We can collapse that pipeline: our service integrates clonal DNA assembly ($50/construct, <2kb), direct E. coli KRX expression, and Gator BLI binding kinetics in a single workflow. This is the 'express-characterize' layer your platform needs. For your top 10-20 binder-design customers, we can offer white-label integration or direct service, turning Tesela AI output directly into validated binding data—accelerating your DBTL cycle further and deepening customer stickiness. Let's pilot this with a research partner or friendly customer.","TeselaGen is a warm-to-hot prospect for our clonal DNA synthesis and integrated binder workflow services. Scoring rationale: (1) Primary modality (enzyme/protein design) with E. coli expression is core use case, aligning well with our KRX expression and BLI binder workflow service (fit: high/high). (2) Massive DNA synthesis demand signal from iterative DBTL cycles and combinatorial library design (1000-10000 clones/year estimated). (3) Integrated platform positioning means customers expect seaml","targets/briefs/teselagen_biotechnology.md"
"4","tier2_warm","Tessera Therapeutics","mRNA_or_RNA","series_C_plus","moderate","Cambridge","USA","2018","630000000","Series C","300000000","2022-04","80","partial","partial","DNA=medium Ecoli=high CF=high E2E=low","1000-10000","True","4","Michael Holmes (Chief Scientific Officer); Jacob Rubens (Co-Founder, Chief Innovation Officer); Cecilia Cotta-Ramusino (Senior Vice President, Head of Platform)","high","Position as 'acceleration partner for platform optimization': offer rapid turnaround, cost-effective E. coli expression + purification from short DNA constructs (500 bp – 2 kb) to enable high-throughput screening of MGE variants (reverse transcriptases, nicking enzymes, targeting domains). Highlight ability to express 100+ constructs/week at $X per construct, with 48-72 hour turnaround. Emphasize cell-free as complementary for ultra-rapid prototyping (24-hour batches) of toxic or difficult proteins. Differentiate on speed + cost vs. incumbents (Twist, GenScript CMO services). Secondary angle: position as manufacturing partner for GMP mRNA/LNP production as company scales toward clinical programs. Identify decision-maker: Head of Platform (Cecilia Cotta-Ramusino) or Chief Scientific Officer (Michael Holmes). Initial POC: small pilot program (10-20 constructs) to demonstrate cost and speed advantage.","Tessera is a strong fit on multiple service lines: (1) Clonal DNA under 2 kb: medium fit (not primary, but useful); (2) E. coli KRX expression: high fit (core to MGE variant optimization cycle); (3) Cell-free expression: high fit (rapid prototyping); (4) Binder workflow: low fit (not primary focus). The company is at Series C+ (procurement friction is moderate but not insurmountable), has strong technical depth, and is actively building out internal wet-lab and manufacturing. They are a high-vel","targets/briefs/tessera_therapeutics.md"
"4","tier2_warm","Xaira Therapeutics","antibody","series_C_plus","moderate","South San Francisco","United States","2023","1000000000","Series D","1000000000","2024-04","60","partial","partial","DNA=high Ecoli=high CF=medium E2E=high","10000+","True","2","Hetu Kamisetty (Chief Technology Officer); Arvind Rajpal (Head of Drug Discovery (inferred title from background))","high","Xaira's RFdiffusion and RFantibody platform generates de novo antibodies, nanobodies, and scaffolds at unprecedented scale. Our clonal DNA synthesis ($50/assembly, 2kb limit, high throughput) and E. coli KRX expression + purification pair directly with your validation workflow, eliminating vendor friction and cost for the 10k+ constructs/year your bench will iterate. Our end-to-end BLI quantification bridges design-to-binding, compressing iteration cycles. We're built for AI/ML teams at your stage generating many designed binders per cycle. Let's discuss a pilot on your next nanobody or enzyme scaffold panel.","Strong fit across three of four service lines (clonal DNA <2kb, E. coli KRX, end-to-end binder workflow); high estimated order volumes (10k+ DNA constructs/year); primary modality (antibody + nanobody + enzyme) aligns with bacterial expression. Xaira's bench (~60 scientists) doing high-throughput protein design validation is textbook match for clonal synthesis + expression outsourcing. Downside: company is post-Series C (moderate outreach difficulty vs. Seed-Series A targets); likely already in ","targets/briefs/xaira_therapeutics.md"
"4","tier2_warm","bitBiome","enzyme","seed_to_series_A","easy","Tokyo","Japan","2018","22200000","Seed","2500000","2025-01","","partial","partial","DNA=high Ecoli=high CF=medium E2E=low","1000-10000","True","4","Masahito Hosokawa (Founder Director & Chief Scientific Officer (CSO)); So Tsuda (Chief Technology Officer (CTO)); Yuji Suzuki (Chief Executive Officer (CEO))","high","Position as 'rapid enzyme engineering partner for bitBiome's variant-screening loop.' Lead with our 50% cost advantage on clonal DNA and $X price point for small-batch E. coli expression+purification. Highlight use case: 'Design 20 enzyme variants, clone in 1 week at $1k, express+purify in 2 weeks at $2-3k, run kinetic assays in parallel—iterate weekly instead of monthly.' Emphasize batch flexibility and turnaround speed over CMO-level manufacturing scale. Offer pilot: 50 clones + 10 expression rounds at discounted rate to prove ROI on their research velocity. Frame as complement to their CMO partnerships, not replacement—we accelerate their discovery/optimization cycle before manufacturing partners scale winners.","Strong fit on two high-value service lines: (1) clonal DNA <2kb for enzyme variant libraries (high volume, high frequency), and (2) E. coli KRX expression for rapid enzyme characterization and screening. Estimated combined annual demand: 1500-2000 orders across both services, representing 75k-100k USD annual spend at our pricing. Company is early-stage (easy to reach), actively scaling, and has demonstrated willingness to engage commercial partnerships. Primary risk: outsourced CMO manufacturing","targets/briefs/bitbiome.md"
"3","tier3_cold","1849 bio","microbial_strain","seed_to_series_A","easy","San Francisco","USA","2024","500000","Seed","500000","2024-07","3","unknown","no","DNA=high Ecoli=medium CF=medium E2E=low","1000-10000","True","2","Jai Padmakumar (Co-founder & CEO); Yongjin Park (Co-founder & CSO)","high","Position clonal DNA as core R&D accelerator for strain engineering: emphasize speed and cost advantage for iterative variant library design (1000+ constructs/yr at $50 vs. $100+ incumbent pricing). Highlight that fermentation/leaching validation is their rate-limiting step once synthesis is fast. Optional: flag E. coli protein expression for pathway enzyme characterization (secondary need). For future: if they pivot to high-throughput enzyme engineering or bioproduction, revisit binder/protein services.","Strong fit on clonal DNA service (high volume of short constructs for strain engineering), but company is not yet engineering binders, antibodies, or proteins at scale. E. coli expression and cell-free have secondary role. Most value is in DNA synthesis bottleneck (iterative design-build-test). Early-stage funding ($500K) means limited budget; however, founders are technically sophisticated and engaged. Minimal fit for full suite; narrow but real demand signal. Outreach is easy (early stage, fou","targets/briefs/1849_bio.md"
"3","tier3_cold","20n","microbial_strain","seed_to_series_A","moderate","San Francisco","United States","2013","2220000","Seed","","2015","","no","no","DNA=high Ecoli=low CF=low E2E=none","10000+","False","1","J. Christopher Anderson (Co-Founder, CSO)","medium","20n's Bioreachables Service and 20n/act platform generate DNA designs at scale—10,000+ molecules, each decomposed into synthesizable fragments. Our clonal DNA assembly service ($50/rxn, <2 kb) could accelerate your design-build-test cycle by 10–15% vs. incumbent TWIST/IDT pricing, freeing capital for more design iterations and larger design-space exploration. Our E. coli KRX expression service is a non-fit (you do fermentation organisms, not recombinant proteins), but high-throughput DNA assembly is a natural adjacency. Early engagement on 20 pilot constructs could show cost + speed gains.","20n demonstrates **high fit for clonal DNA synthesis** (their design workload likely generates 10,000+ annual orders for <2 kb assembled constructs), which directly aligns with your core offering at $50/assembly. However, multiple risk factors reduce overall prospect score: (1) No evidence of active financing or growth since 2015; (2) Extremely small team suggests minimal procurement authority and budget; (3) Low headcount and apparent semi-dormant status makes outreach difficult; (4) No commerc","targets/briefs/20n.md"
"3","tier3_cold","Algen Biotechnologies","CRISPR_or_guide","seed_to_series_A","easy","San Francisco","United States","2018","12630000","Series A","","2024-11","5","unknown","unknown","DNA=medium Ecoli=low CF=low E2E=none","1000-10000","True","3","Chun-Hao Huang (CEO & Co-Founder); Christine Du (Chief Business Officer & Co-Founder); Jeff Whitten (Chief Scientific Officer)","medium","Algen is building one of the most advanced functional genomics platforms in biotech, but scaling it requires massive throughput in guide RNA production and validation. As you grow from 8 to 30+ scientists over the next 18 months, your sgRNA library synthesis and cloning workflows will become a bottleneck. Our clonal DNA assembly ($50/construct, 2× faster turnaround than IDT/Twist) can reduce your supply chain friction and free your team to focus on the biology. We've seen other AI-biology companies (e.g., Constructive Biology, early Ginkgo) hit this inflection point; you're 12-18 months away. Let's talk about a pilot with your library production team.","Algen is a CRISPR-focused, AI-driven functional genomics platform company with high wet lab intensity and active hiring in wet lab roles. However, fit is mixed: (1) **Clonal DNA under 2kb**: medium fit—they do run high-throughput screens that likely consume many short DNA constructs, but no confirmation of make/buy or volume; (2) **E. coli KRX expression**: low fit—platform centers on mammalian cell biology, not bacterial expression; (3) **Cell-free expression**: low fit—not a stated capability ","targets/briefs/algen_biotechnologies.md"
"3","tier3_cold","Arpeggio Bio","small_molecule","seed_to_series_A","moderate","Boulder","USA","2018","67600000","Series B","20040000","2025-11","12","partial","partial","DNA=medium Ecoli=high CF=medium E2E=low","100-1000","True","3","Tim Read (Co-Founder and Chief Technology Officer); Joey Azofeifa (Co-Founder and CEO); Kevin Eastwood (Chief Business Officer)","medium","","Arpeggio shows moderate fit on clonal DNA assembly (fit: medium) and E. coli KRX expression (fit: high), but with estimated low-to-moderate volume (100-1000 constructs/year vs. ideal 1000+). Primary modality is small-molecule discovery, not protein engineering or cell-line development, limiting synthesis intensity. Company has partial in-house capabilities (molecular bio lab, sequencing platform), reducing outsourcing dependency. At Series B stage with established team and funding, procurement f","targets/briefs/arpeggio_bio.md"
"3","tier3_cold","CAMP4 Therapeutics","mRNA_or_RNA","public","hard","Cambridge","United States","2016","180000000","IPO","82100000","2024-10","15","partial","partial","DNA=medium Ecoli=high CF=medium E2E=low","100-1000","True","2","Alla Sigova (Senior Vice President, Platform); Dan Tardiff (Chief Scientific Officer)","high","CAMP4's target validation engine—confirming regRNA function via recombinant transcription factors, RNA-binding proteins, and reporter assays—is a natural fit for outsourced E. coli expression. Our KRX platform delivers soluble proteins at 50% cost of incumbents, with next-day turnarounds, freeing your platform team to iterate on regRNA discovery cycles. Given your 57-person headcount and rapid clinical advancement, outsourced expression is a lever to accelerate validation without capital lock-in. We're seeing similar demand from AI-biology teams doing high-iteration target screening (e.g., Insitro, Generate Biomedicines). Can we explore a pilot with your SVP of Platform (Sigova) or CSO (Tardiff) on one of your current target-validation campaigns?","CAMP4 scores a 3 (plausible but modest fit / cold lead). Strengths: (1) E. coli KRX expression fit is genuine and high-value for target validation workflows; (2) small-construct cloning (100–1000 annually) aligns with cost-efficient service; (3) growing headcount and post-IPO momentum suggest capacity to onboard new vendors. Weaknesses: (1) as a public company, procurement is entrenched and slower-moving; (2) ASO/RNA therapeutics modality does not align tightly with your primary service lines (n","targets/briefs/camp4_therapeutics.md"
"3","tier3_cold","Colossal Biosciences","enzyme","series_C_plus","hard","Dallas","United States","2021","558000000","Series C","320000000","2025-09","45","unknown","partial","DNA=high Ecoli=high CF=medium E2E=medium","1000-10000","True","4","Eriona Hysolli (Head of Biology Division, Woolly Mammoth Project Lead); Beth Shapiro (Chief Science Officer, Ancient DNA & De-Extinction); Andrew Pask (Chief Biology Officer (Australia), TIGRR Lab Director)","high","Position as high-throughput variant library partner: 'Your genome engineering pipeline generates 100+ candidate constructs per cycle. We specialize in rapid, cost-effective assembly of short (<2 kb) clones at $25–40/construct with 3–5 day turnaround, ideal for parallel validation of mammoth/elephant gene variants before labor-intensive cell engineering. Offer pilot: 100–500 clones from current woolly mouse / thylacine projects at 30% discount + dedicated QA. Target Eriona Hysolli (biology head) and Form Bio team for computational design integration. Angle: Reduce lead time and cost of experimental iteration, allowing more design cycles within current budget. Emphasize E. coli rapid-turnaround advantage for non-mammalian validation before investing in slow elephant iPSC culture.'","Colossal is a strong fit on paper (high DNA synthesis demand, bacterial expression for validation, potential binder work) but scores tier3 due to: (1) Stage & procurement friction (Series C+ / $10B+ valuation = hard reach, likely locked vendor relationships); (2) Unknown in-house synthesis capability (ViaGen acquisition suggests possible vertical integration); (3) No published evidence of external clonal DNA synthesis spend or vendor preferences; (4) Competition from incumbents (Twist, IDT, GenS","targets/briefs/colossal_biosciences.md"
"3","tier3_cold","Eugit Therapeutics","miniprotein_or_nanobody","seed_to_series_A","easy","San Carlos","USA","2022","500000","Grant","275000","2024-08","4","no","no","DNA=high Ecoli=medium CF=medium E2E=medium","100-1000","True","1","Nizar Batada (Co-Founder & CEO)","medium","Pitch: 'You're building tissue-targeted gamma delta T cell therapies. Each TCR construct iteration needs fast, cheap DNA synthesis and rapid mammalian expression validation. Our clonal DNA ($50/assembly, <2kb) is 50% cheaper than IDT/Twist, and our integrated E. coli + purification means you can prototype TCR domains and bispecific engagers in 2 weeks instead of 2 months. As you scale from 2 to 8 people, you'll need 500+/year constructs for variant screening. Let's talk about a retainer model that scales with your headcount growth.'","Moderate fit on clonal DNA and binder-discovery services; nascent stage company with small team and uncertain capital trajectory. Primary modality is mammalian cell therapy (gamma delta T cells from primary donor blood), not bacterial/cell-free engineered proteins. DNA construct volume likely <500-1000/year at current scale. No in-house synthesis advantage (rules out downgrade). However, early-stage biotech × tissue-targeting engineering × mammalian immunotherapy = moderate DNA + protein demand ","targets/briefs/eugit_therapeutics.md"
"3","tier3_cold","Generate Biomedicines","antibody","public","hard","Somerville","USA","2018","1200000000","IPO","400000000","2026-02","120","partial","yes","DNA=high Ecoli=medium CF=high E2E=high","10000+","True","2","Gevorg Grigoryan (Co-Founder and Chief Technology Officer); Michael Nally (Chief Executive Officer)","medium","","Generate has multiple strong fits: (1) antibody/protein primary modality with cell-free and E. coli expression needs (high fit); (2) high DNA synthesis demand (10,000+ constructs/year, likely >$500k annual spend). However, headwinds: (a) Public company status with established vendor relationships and procurement friction; (b) In-house protein production and expression capability reduces ecoli_krx_expression fit; (c) Partnered with Amgen and Novartis for large-scale platform work, reducing VC/sta","targets/briefs/generate_biomedicines.md"
"3","tier3_cold","Mammoth Biosciences","CRISPR_or_guide","series_C_plus","hard","Brisbane","United States","2017","374690000","Corporate Minority","95000000","2024-04","40","partial","partial","DNA=high Ecoli=high CF=medium E2E=low","1000-10000","True","4","Lucas Harrington (Co-founder, Chief Scientific Officer / President of Therapeutics); Janice Chen (Co-founder, Chief Scientific Officer and President of Research); Jesus Ching (VP of R&D)","high","Position as end-to-end rapid prototyping partner for Cas variant engineering: ""We synthesize your construct library (100s of variants), express and purify in parallel via KRX, and deliver QC'd nuclease samples ready for kinetic assay within 2–3 weeks—eliminating internal expression bottlenecks during therapeutic optimization cycles. Ideal for high-throughput engineering rounds supporting MB-111 scale-up and second-generation program development."" Emphasize speed-to-iteration and quality/consistency advantages over in-house batch expression. Pitch to Lucas Harrington (therapeutics lead) or Janice Chen (research lead) emphasizing time saved in protein characterization.","Strong fit on clonal DNA and E. coli expression services (modality match, high construct volume). However: (1) Late-stage company with established vendor relationships and in-house capabilities (protein engineering, mammalian cell line work via Horizon partnership). (2) Procurement friction high—large company procurement team unlikely to switch vendors without major service gap or cost breakthrough. (3) No in-house DNA synthesis (not a blocker, but indicates delegation to vendors). (4) Primary v","targets/briefs/mammoth_biosciences.md"
"3","tier3_cold","Matwings Technology","enzyme","seed_to_series_A","moderate","Shanghai","China","2021","28980000","Series A","","2024-12","25","no","yes","DNA=high Ecoli=medium CF=medium E2E=low","1000-10000","True","1","Liang Hong (Founder, Professor, Lead Scientist)","medium","Matwings designs many protein variants per project cycle. Our clonal DNA assembly ($50/construct, half incumbent cost) + immediate E. coli KRX expression (you skip fermentation overhead for initial screening) could compress design-build-test cycles and reduce per-variant cost. For your 40+ ongoing projects doing 10-30 variants/round: 100-1200 constructs/year at $50 vs. $100 = $25-35K annual savings + 1-2 week faster iteration. We've worked with other AI protein-design teams (Absci, Evolutis, [name-check with your actual portfolio]); offer a pilot on 10-20 constructs to benchmark speed + cost.","Matwings is a high-profile protein-design company with strong funding, published science, and industrial traction, but scores lower for direct DNA synthesis partnerships because: (1) In-house protein production automation means they self-serve expression & characterization (downgrade expression services fit). (2) No confirmed outsourcing of clonal DNA to third parties; their internal AI platform likely integrates synthesis via existing vendor relationships (Twist, IDT, GenScript). (3) Geographic","targets/briefs/matwings_technology.md"
"3","tier3_cold","Menten AI","miniprotein_or_nanobody","seed_to_series_A","easy","San Francisco","USA","2019","","Seed","","","","no","no","DNA=medium Ecoli=low CF=medium E2E=high","100-1000","False","3","Hans Melo (CEO and Co-founder); Andrea McNeal (Vice President of Business Development); Vikram K. Mulligan (Co-founder)","medium","Menten AI is designing novel peptide therapeutics with your quantum-ML platform. We can accelerate your discovery cycle by offering integrated DNA synthesis + rapid cell-free expression + BLI quantification for your designed peptide candidates. This end-to-end workflow lets you validate 50-100 designs per project in parallel, reducing iteration time and derisk selection before handing off to pharma partners. At $X per complete workflow, this is cheaper than building in-house high-throughput screening or managing multiple vendor relationships. Let's pilot with your next BMS collaboration or internal target.","Mixed fit. Menten AI is a computational platform company with no in-house wet lab, so they are not a direct customer for our expression and purification services (E. coli KRX). However, they do have demand for DNA synthesis (designing 20-100 peptides per project) and may benefit from end-to-end binder workflow (DNA → expression → BLI) for rapid validation. The end-to-end service is a moderate-to-high fit, but volume is modest (estimated 100-1000 orders/year) and highly dependent on pharma partne","targets/briefs/menten_ai.md"
"3","tier3_cold","Ohmic Biosciences","plant_or_ag","seed_to_series_A","easy","Alameda","United States","2021","500000","Seed","500000","2023","2","unknown","unknown","DNA=medium Ecoli=high CF=medium E2E=low","100-1000","False","2","PJ Steiner (Co-Founder, CEO); Matthew Bedewitz (Co-Founder)","medium","Position as research partner for rapid prototyping of engineered R-protein variants: 'We specialize in quick-turnaround cloning and E. coli expression for protein validation workflows. Your protein-engineering platform will benefit from fast iteration on construct design—DNA synthesis at $50/assembly and same-day KRX expression lets you test dozens of engineered variants per week rather than weeks. As you scale post-Series A, we can bundle expression + BLI characterization to de-risk lead candidates before plant transformation.' Emphasize speed and cost advantage vs. Twist/IDT; position as scalable vendor for growth phase.","Moderate fit on E. coli expression services (high) and clonal DNA synthesis (medium), but primary modality is plant genetic modification, which falls outside core DNA synthesis/bacterial expression focus. No near-term revenue signal (pre-product, discovery stage). Very small headcount and budget. Plant biotech timelines are long; immediate synthesis volume likely <500 constructs/year. However, founders have strong protein engineering pedigree (MIT, Cambridge, Bolt Threads, DARPA) and deep molecu","targets/briefs/ohmic_biosciences.md"
"3","tier3_cold","Outpace Bio","antibody","series_B","moderate","Seattle","United States","2020","200000000","Series B","144000000","2024-07","8","partial","partial","DNA=medium Ecoli=low CF=high E2E=medium","100-1000","True","3","Marc Lajoie (Co-founder and CEO); Scott Boyken (Co-founder and Chief Technology Officer); Aaron Foster (Chief Scientific Officer)","high","Outpace is at the frontier of AI-guided protein design with massive in silico output (50k designs/quarter). Your bottleneck is experimental validation at scale. Position our cell-free expression service as a throughput multiplier: **rapid prototyping of 100+ designed protein variants per week without mammalian cell overhead**. Emphasize speed (48-72 hr turnaround from DNA→purified protein for screening) and modularity (no long-term cell line development). Frame as **de-risking your design cycles** before committing to mammalian or lentiviral manufacturing. Highlight cost advantage on low-volume, high-diversity screening (where their 50,000 designs are narrowed to winners). Offer pilot project on a subset of CAR/TCR design variants to demonstrate value. Focus on being a **flexible, rapid prototyping partner in your design-build-test loop**, not a replacement for downstream manufacturing (they'll use CDMOs for clinical GMP scale-up).","Outpace Bio is a strong scientific organization with genuine protein design needs. However, customer fit with our service offerings is modest to mixed: (1) Clonal DNA under 2kb: **medium fit** — they design many constructs but likely use a mix of in-house cloning and external partners; estimated <500-1000 orders annually, not the 1000+ sweet-spot. (2) E. coli KRX expression: **low fit** — not their primary expression modality; mammalian and lentiviral focus. (3) Cell-free expression: **high fit*","targets/briefs/outpace_bio.md"
"3","tier3_cold","Persephone Biosciences","microbial_strain","seed_to_series_A","easy","San Diego","United States","2017","21600000","Seed","15000000","2022-07","3","partial","no","DNA=high Ecoli=low CF=medium E2E=none","1000-10000","True","3","Stephanie Culler (Co-founder & CEO); Steve Van Dien (Co-founder & CTO); Daniel Bradbury (Board Chair)","high","Persephone is engineering Bifidobacterium and Bacteroides strains at unprecedented scale. Your strain optimization loops—promoter variants, genetic circuits, selection markers, QC controls—likely consume 50+ cloned constructs per candidate per cycle. Our clonal DNA service ($50/assembly, <2kb) is half the cost of Twist/GenScript and includes direct E. coli KRX expression if you want same-day protein for any metabolic validation work. Ginkgo's toolkit is powerful for design, but manufacturing the actual DNA quickly and cheaply is bottleneck. Let's talk about batch assembly pricing for your 2025 strain pipeline. Persephone as a customer reference would also be valuable for us.","Persephone scores moderate because: (1) strong fit on clonal DNA under 2kb (high volume, 1000-10000 annual constructs for strain engineering); (2) excellent company stage for outreach (seed, accessible founders, no vendor lock-in); (3) BUT they have in-house or accessible DNA synthesis via Ginkgo partnership, reducing standalone DNA vendor fit; (4) E. coli expression fit is none (live bacteria modality); (5) No binder/recombinant protein modality; (6) Cell-free expression fit is only medium (nic","targets/briefs/persephone_biosciences.md"
"3","tier3_cold","Profluent","CRISPR_or_guide","series_B","moderate","Emeryville","USA","2022","150000000","Series B","106000000","2025-11","12","unknown","partial","DNA=high Ecoli=medium CF=medium E2E=low","1000-10000","True","3","Ali Madani (Co-Founder & CEO); Hilary Eaton (Chief Business Officer); Aaron (Business Development / Partnerships)","medium","Target DNA synthesis for scale: Position clonal DNA as cost-effective bulk synthesis for Profluent's high-throughput protein design cycles. Emphasize: (a) $50/assembly undercuts Twist/IDT for volumes >100/year, (b) rapid turnaround for iteration-heavy protein design, (c) easy API integration with their design pipelines. Secondary: Offer E. coli KRX expression as supplementary service for early-stage Cas variant characterization (e.g., initial 2–3 top candidates before mammalian scale-up). Reach out to Aaron (partnerships lead) or Hilary (CBD) via partnerships@profluent.bio with a tailored use case: 'We see AI protein design teams ordering 2,000–5,000 short constructs/year; our platform reduces synthesis friction and cost at your scale.'","Profluent is a strong fit for clonal DNA synthesis (high volume, cost-sensitive, short constructs for variant screening) but weak-to-medium fit for expression services (in-house mammalian capability + automation lab). The primary modality (CRISPR/genome editors, enzymes) does require DNA synthesis for candidate plasmid construction, but Profluent's partial in-house protein production and bacterial expression experience limit outsourcing need for E. coli KRX. No binder workflow fit. Series B stag","targets/briefs/profluent.md"
"3","tier3_cold","ProteinQure","miniprotein_or_nanobody","series_B","moderate","Toronto","Canada","2017","16000000","Series A","11000000","2025-05","12","no","partial","DNA=low Ecoli=low CF=medium E2E=high","1000-10000","True","3","Christopher Ing (Chief R&D Officer and Co-founder); Shannon (Senior Scientist - Experimental Biology); Sungwon (Senior Scientist - Experimental Biology)","medium","ProteinQure is designing exotic peptides, but your internal protein-engineering team may also benefit from rapid iteration on mini-binder scaffolds or recombinant protein validation constructs. Our end-to-end BLI workflow (DNA synthesis + cell-free expression + Gator quantification) could accelerate your binder characterization 3–5x at 50% the cost of incumbent vendors. We're particularly well-suited for computationally-generated variant libraries (100s–1000s per cycle). Given your Series A momentum and upcoming preclinical milestones for your neurology/nephrology programs, outsourcing expression and BLI could free your wet lab to focus on lead optimization. Let's explore a pilot on one target.","ProteinQure scores 3 (plausible fit, modest volume). Reasoning: (1) End-to-end binder workflow fit is high (tier1 signal), but ProteinQure's primary business is internal pipeline development (PQ203 oncology), not binder generation for partners. (2) Clonal DNA and E. coli expression fit both low because modality is synthetic peptides, not recombinant proteins. (3) Cell-free fit is medium but not core. (4) Company is Series A/B (moderate outreach friction). (5) No public evidence of high-volume co","targets/briefs/proteinqure.md"
"3","tier3_cold","Sail Biomedicines","mRNA_or_RNA","series_C_plus","hard","Cambridge","USA","2023","1950000000","Grant","","2024-01","45","unknown","partial","DNA=high Ecoli=low CF=medium E2E=low","1000-10000","False","4","Guillaume Pfefer (CEO); Michaël Mingueneau (SVP, Head of Immunology); Kerry Benenato (Chief Platform Officer)","medium","Position DNA synthesis as accelerator for eRNA construct optimization and variant screening. Emphasize speed (48-72 hr turnaround), cost advantage over incumbents, and compatibility with automated high-throughput workflows. Frame as de-risking lead program IND-enabling studies by reducing time-to-optimized construct. Pitch to Kerry Benenato (Chief Platform Officer) and Michaël Mingueneau (Head of Immunology) with focus on malaria vaccine and CAR-T programs. Avoid cold outreach; seek warm intro via Flagship network or scientific conference (ASGCT, TIDES). Timing: revisit post-2026 clinical milestone if feasible; earlier outreach may be perceived as vendor churn during critical phase.","Sail is a strong fit for clonal DNA synthesis (high fit, high volume) and would benefit from rapid iteration on constructs. However, company is (a) well-funded and likely has existing vendor relationships or planned in-sourcing for DNA synthesis; (b) in critical pre-clinical phase with focus on lead program advancement, not broad new partnerships; (c) recent staff cuts indicate resource consolidation, not expansion; (d) Flagship backing and mature team reduce procurement friction advantage relat","targets/briefs/sail_biomedicines.md"
"3","tier3_cold","Tierra Biosciences","enzyme","series_B","moderate","San Leandro","USA","2015","14950000","Series A","11400000","2024-03","50","partial","yes","DNA=medium Ecoli=low CF=high E2E=medium","1000-10000","True","5","Zachary Sun (Co-Founder, Chief Scientific Officer); Michael Nemzek (Chief Executive Officer); William Mudge (Team member (attending industry conferences on behalf of Tierra))","medium","Position our cell-free expression service (not bacterial KRX) as a rapid-prototyping complement for Tierra's customers who need emergency capacity, toxic-protein production, or mammalian-context variants. Emphasize that we can absorb surge demand or specialized modalities (e.g., membrane proteins, disulfide-rich proteins) without requiring Tierra to expand manufacturing infrastructure. Frame as capacity partner rather than competitive threat. Acknowledge Tierra's cell-free excellence and propose co-marketing or joint GTM to shared AI protein-design cohort. Expected uptake: low, unless Tierra faces bottlenecks or customer requests exceed in-house capacity.","Tierra Biosciences has strong alignment with cell-free protein synthesis (one of our service offerings) and targets AI/ML protein design teams (ideal ICP profile). However, multiple factors lower the prospect score: (1) Tierra manufactures proteins in-house via cell-free, not via bacterial fermentation (E. coli KRX)—our strength is in soluble bacterial expression, and Tierra's platform complements rather than depends on that. (2) Tierra does not appear to need custom clonal DNA synthesis at volu","targets/briefs/tierra_biosciences.md"
"3","tier3_cold","Valink Therapeutics","antibody","seed_to_series_A","easy","Cambridge","United States","2021","19600000","Pre-seed","11800000","2025-10","8","partial","yes","DNA=medium Ecoli=low CF=medium E2E=high","1000-10000","True","4","Irsyad Khairil (Co-founder & CTO); Jose Munoz-Olaya (Chief Scientific Officer); George Procopiou (VP ADC Chemistry & Engineering)","medium","Valink's LiliumX platform generates thousands of bispecific antibody designs per cycle but is rate-limited on functional characterization (BLI) during iterative screening phases. Our end-to-end binder workflow—combining rapid DNA synthesis, mammalian expression, and Gator BLI quantification—can parallelize your design iteration cycles and compress time-to-lead-optimization. We scale from 10 to 10,000 candidates per round without the capital cost of expanded in-house BLI infrastructure. Talk to us about offloading 1–3 rounds of intermediate screening while your team focuses on lead development and IND-enabling studies.","Strong technical fit on end-to-end binder workflow (potentially 1000–10000 annual orders if BLI becomes rate-limiting), but weak fit on core clonal DNA and E. coli services. Valink's primary limiting factor is mammalian expression throughput + BLI capacity for iterative design, not short-construct synthesis or bacterial expression. They likely already outsource DNA synthesis via established low-cost vendors (Twist, IDT) or have internal synthesis. Our E. coli KRX service is wrong host for their ","targets/briefs/valink_therapeutics.md"
